{"cameraMode":{"drawMode":0,"name":"Shaded","section":"Shading Mode"},"sceneLighting":false,"audioPlay":false,"sceneViewState":{"showFog":true,"showMaterialUpdate":false,"showSkybox":false,"showFlares":true,"showImageEffects":true,"showParticleSystems":true},"in2DMode":false,"pivot":{"x":17.516576766967775,"y":-6.206233978271484,"z":1.0671569108963013},"rotation":{"x":-0.1282460242509842,"y":-0.6724358201026917,"z":0.1197921484708786,"w":-0.7191107273101807},"size":12.494157791137696,"orthographic":false}