{"cameraMode":{"drawMode":0,"name":"Shaded","section":"Shading Mode"},"sceneLighting":false,"audioPlay":false,"sceneViewState":{"showFog":true,"showMaterialUpdate":false,"showSkybox":false,"showFlares":true,"showImageEffects":true,"showParticleSystems":true},"in2DMode":false,"pivot":{"x":4.31279182434082,"y":0.7157142162322998,"z":1.4137723445892335},"rotation":{"x":-0.3147915005683899,"y":-0.5606935024261475,"z":0.24290981888771058,"w":-0.7263714075088501},"size":0.8660253882408142,"orthographic":false}