{"cameraMode":{"drawMode":0,"name":"Shaded","section":"Shading Mode"},"sceneLighting":true,"audioPlay":false,"sceneViewState":{"showFog":true,"showMaterialUpdate":false,"showSkybox":true,"showFlares":true,"showImageEffects":true,"showParticleSystems":true},"in2DMode":false,"pivot":{"x":5.609092712402344,"y":3.305867910385132,"z":-2.474458694458008},"rotation":{"x":0.5322444438934326,"y":-0.03990326076745987,"z":0.025512587279081346,"w":0.8454010486602783},"size":2.9660253524780275,"orthographic":false}