{"cameraMode":{"drawMode":0,"name":"Shaded","section":"Shading Mode"},"sceneLighting":false,"audioPlay":false,"sceneViewState":{"showFog":true,"showMaterialUpdate":false,"showSkybox":false,"showFlares":true,"showImageEffects":true,"showParticleSystems":true},"in2DMode":false,"pivot":{"x":3.984675407409668,"y":0.9733889698982239,"z":-3.56988525390625},"rotation":{"x":-0.13853713870048524,"y":0.4228377342224121,"z":-0.06563161313533783,"w":-0.8931933045387268},"size":0.5660253763198853,"orthographic":false}