{"cameraMode":{"drawMode":0,"name":"Shaded","section":"Shading Mode"},"sceneLighting":false,"audioPlay":false,"sceneViewState":{"showFog":true,"showMaterialUpdate":false,"showSkybox":false,"showFlares":true,"showImageEffects":true,"showParticleSystems":true},"in2DMode":false,"pivot":{"x":-0.6580785512924194,"y":4.170363903045654,"z":-2.5672953128814699},"rotation":{"x":0.4706926941871643,"y":0.09304988384246826,"z":-0.049128852784633639,"w":0.8761639595031738},"size":0.36742353439331057,"orthographic":false}